id,category,english,amharic,amharicTranslit,afaanOromo,oromoPronunciation,context,exampleEn,difficulty,tags,reviewStatus
ethio-001,Greetings & Courtesy,hello,ሰላም,selam,akkam,akkam,"daily greetings, politeness, first conversations",Use 'hello' in greetings and courtesy situations.,beginner,greetings-courtesy;beginner;ethio-lang-mvp,starter_ai_generated_review_with_native_speaker
ethio-002,Greetings & Courtesy,welcome,እንኳን ደህና መጡ,enkwan dehna metu,baga nagaan dhuftan,baga nagaan dhuftan,"daily greetings, politeness, first conversations",Use 'welcome' in greetings and courtesy situations.,beginner,greetings-courtesy;beginner;ethio-lang-mvp,starter_ai_generated_review_with_native_speaker
ethio-003,Greetings & Courtesy,good morning,እንደምን አደሩ,endemin aderu,akkam bultan,akkam bultan,"daily greetings, politeness, first conversations",Use 'good morning' in greetings and courtesy situations.,beginner,greetings-courtesy;beginner;ethio-lang-mvp,starter_ai_generated_review_with_native_speaker
ethio-004,Greetings & Courtesy,good afternoon,እንደምን ዋሉ,endemin walu,akkam ooltan,akkam ooltan,"daily greetings, politeness, first conversations",Use 'good afternoon' in greetings and courtesy situations.,beginner,greetings-courtesy;beginner;ethio-lang-mvp,starter_ai_generated_review_with_native_speaker
ethio-005,Greetings & Courtesy,good evening,እንደምን አመሹ,endemin ameshu,akkam ooltan,akkam ooltan,"daily greetings, politeness, first conversations",Use 'good evening' in greetings and courtesy situations.,beginner,greetings-courtesy;beginner;ethio-lang-mvp,starter_ai_generated_review_with_native_speaker
ethio-006,Greetings & Courtesy,goodbye,ደህና ሁን,dehna hun,nagaatti,nagaatti,"daily greetings, politeness, first conversations",Use 'goodbye' in greetings and courtesy situations.,beginner,greetings-courtesy;beginner;ethio-lang-mvp,starter_ai_generated_review_with_native_speaker
ethio-007,Greetings & Courtesy,please,እባክዎ,ebakwo,maaloo,maaloo,"daily greetings, politeness, first conversations",Use 'please' in greetings and courtesy situations.,beginner,greetings-courtesy;beginner;ethio-lang-mvp,starter_ai_generated_review_with_native_speaker
ethio-008,Greetings & Courtesy,thank you,አመሰግናለሁ,ameseginalehu,galatoomi,galatoomi,"daily greetings, politeness, first conversations",Use 'thank you' in greetings and courtesy situations.,beginner,greetings-courtesy;beginner;ethio-lang-mvp,starter_ai_generated_review_with_native_speaker
ethio-009,Greetings & Courtesy,sorry,ይቅርታ,yikirta,dhiifama,dhiifama,"daily greetings, politeness, first conversations",Use 'sorry' in greetings and courtesy situations.,beginner,greetings-courtesy;beginner;ethio-lang-mvp,starter_ai_generated_review_with_native_speaker
ethio-010,Greetings & Courtesy,excuse me,ይቅርታ,yikirta,dhiifama,dhiifama,"daily greetings, politeness, first conversations",Use 'excuse me' in greetings and courtesy situations.,beginner,greetings-courtesy;beginner;ethio-lang-mvp,starter_ai_generated_review_with_native_speaker
ethio-011,Greetings & Courtesy,yes,አዎ,awo,eeyyee,eeyyee,"daily greetings, politeness, first conversations",Use 'yes' in greetings and courtesy situations.,beginner,greetings-courtesy;beginner;ethio-lang-mvp,starter_ai_generated_review_with_native_speaker
ethio-012,Greetings & Courtesy,no,አይ,ay,lakki,lakki,"daily greetings, politeness, first conversations",Use 'no' in greetings and courtesy situations.,beginner,greetings-courtesy;beginner;ethio-lang-mvp,starter_ai_generated_review_with_native_speaker
ethio-013,Greetings & Courtesy,okay,እሺ,ishi,tole,tole,"daily greetings, politeness, first conversations",Use 'okay' in greetings and courtesy situations.,beginner,greetings-courtesy;beginner;ethio-lang-mvp,starter_ai_generated_review_with_native_speaker
ethio-014,Greetings & Courtesy,how are you,እንዴት ነህ,endet neh,akkam jirta,akkam jirta,"daily greetings, politeness, first conversations",Use 'how are you' in greetings and courtesy situations.,beginner,greetings-courtesy;beginner;ethio-lang-mvp,starter_ai_generated_review_with_native_speaker
ethio-015,Greetings & Courtesy,I am fine,ደህና ነኝ,dehna negn,nagaan jira,nagaan jira,"daily greetings, politeness, first conversations",Use 'I am fine' in greetings and courtesy situations.,beginner,greetings-courtesy;beginner;ethio-lang-mvp,starter_ai_generated_review_with_native_speaker
ethio-016,People & Family,person,ሰው,sew,nama,nama,"family, school, customer service, social conversation",Use 'person' in people and family situations.,beginner,people-family;beginner;ethio-lang-mvp,starter_ai_generated_review_with_native_speaker
ethio-017,People & Family,man,ወንድ,wend,dhiira,dhiira,"family, school, customer service, social conversation",Use 'man' in people and family situations.,beginner,people-family;beginner;ethio-lang-mvp,starter_ai_generated_review_with_native_speaker
ethio-018,People & Family,woman,ሴት,set,dubartii,dubartii,"family, school, customer service, social conversation",Use 'woman' in people and family situations.,beginner,people-family;beginner;ethio-lang-mvp,starter_ai_generated_review_with_native_speaker
ethio-019,People & Family,child,ልጅ,lij,mucaa,mucaa,"family, school, customer service, social conversation",Use 'child' in people and family situations.,beginner,people-family;beginner;ethio-lang-mvp,starter_ai_generated_review_with_native_speaker
ethio-020,People & Family,baby,ሕፃን,hisan,daa'ima,daa'ima,"family, school, customer service, social conversation",Use 'baby' in people and family situations.,beginner,people-family;beginner;ethio-lang-mvp,starter_ai_generated_review_with_native_speaker
ethio-021,People & Family,family,ቤተሰብ,beteseb,maatii,maatii,"family, school, customer service, social conversation",Use 'family' in people and family situations.,beginner,people-family;beginner;ethio-lang-mvp,starter_ai_generated_review_with_native_speaker
ethio-022,People & Family,mother,እናት,enat,haadha,haadha,"family, school, customer service, social conversation",Use 'mother' in people and family situations.,beginner,people-family;beginner;ethio-lang-mvp,starter_ai_generated_review_with_native_speaker
ethio-023,People & Family,father,አባት,abat,abbaa,abbaa,"family, school, customer service, social conversation",Use 'father' in people and family situations.,beginner,people-family;beginner;ethio-lang-mvp,starter_ai_generated_review_with_native_speaker
ethio-024,People & Family,brother,ወንድም,wendim,obboleessa,obboleessa,"family, school, customer service, social conversation",Use 'brother' in people and family situations.,beginner,people-family;beginner;ethio-lang-mvp,starter_ai_generated_review_with_native_speaker
ethio-025,People & Family,sister,እህት,ehet,obboleettii,obboleettii,"family, school, customer service, social conversation",Use 'sister' in people and family situations.,beginner,people-family;beginner;ethio-lang-mvp,starter_ai_generated_review_with_native_speaker
ethio-026,People & Family,friend,ጓደኛ,gwadegna,hiriyaa,hiriyaa,"family, school, customer service, social conversation",Use 'friend' in people and family situations.,beginner,people-family;beginner;ethio-lang-mvp,starter_ai_generated_review_with_native_speaker
ethio-027,People & Family,teacher,መምህር,memhir,barsiisaa,barsiisaa,"family, school, customer service, social conversation",Use 'teacher' in people and family situations.,beginner,people-family;beginner;ethio-lang-mvp,starter_ai_generated_review_with_native_speaker
ethio-028,People & Family,student,ተማሪ,temari,barataa,barataa,"family, school, customer service, social conversation",Use 'student' in people and family situations.,beginner,people-family;beginner;ethio-lang-mvp,starter_ai_generated_review_with_native_speaker
ethio-029,People & Family,customer,ደንበኛ,denbegna,maamila,maamila,"family, school, customer service, social conversation",Use 'customer' in people and family situations.,beginner,people-family;beginner;ethio-lang-mvp,starter_ai_generated_review_with_native_speaker
ethio-030,People & Family,guest,እንግዳ,engida,keessummaa,keessummaa,"family, school, customer service, social conversation",Use 'guest' in people and family situations.,beginner,people-family;beginner;ethio-lang-mvp,starter_ai_generated_review_with_native_speaker
ethio-031,Food & Drink,food,ምግብ,migib,nyaata,nyaata,"restaurant, home, market, tourist menu translation",Use 'food' in food and drink situations.,beginner,food-drink;beginner;ethio-lang-mvp,starter_ai_generated_review_with_native_speaker
ethio-032,Food & Drink,water,ውሃ,wuha,bishaan,bishaan,"restaurant, home, market, tourist menu translation",Use 'water' in food and drink situations.,beginner,food-drink;beginner;ethio-lang-mvp,starter_ai_generated_review_with_native_speaker
ethio-033,Food & Drink,coffee,ቡና,buna,buna,buna,"restaurant, home, market, tourist menu translation",Use 'coffee' in food and drink situations.,beginner,food-drink;beginner;ethio-lang-mvp,starter_ai_generated_review_with_native_speaker
ethio-034,Food & Drink,tea,ሻይ,shay,shaayii,shaayii,"restaurant, home, market, tourist menu translation",Use 'tea' in food and drink situations.,beginner,food-drink;beginner;ethio-lang-mvp,starter_ai_generated_review_with_native_speaker
ethio-035,Food & Drink,milk,ወተት,wetet,aannan,aannan,"restaurant, home, market, tourist menu translation",Use 'milk' in food and drink situations.,beginner,food-drink;beginner;ethio-lang-mvp,starter_ai_generated_review_with_native_speaker
ethio-036,Food & Drink,bread,ዳቦ,dabo,buddeena,buddeena,"restaurant, home, market, tourist menu translation",Use 'bread' in food and drink situations.,beginner,food-drink;beginner;ethio-lang-mvp,starter_ai_generated_review_with_native_speaker
ethio-037,Food & Drink,injera,እንጀራ,injera,buddeena/xafii,buddeena/xafii,"restaurant, home, market, tourist menu translation",Use 'injera' in food and drink situations.,beginner,food-drink;beginner;ethio-lang-mvp,starter_ai_generated_review_with_native_speaker
ethio-038,Food & Drink,meat,ሥጋ,siga,foon,foon,"restaurant, home, market, tourist menu translation",Use 'meat' in food and drink situations.,beginner,food-drink;beginner;ethio-lang-mvp,starter_ai_generated_review_with_native_speaker
ethio-039,Food & Drink,chicken,ዶሮ,doro,lukkuu,lukkuu,"restaurant, home, market, tourist menu translation",Use 'chicken' in food and drink situations.,beginner,food-drink;beginner;ethio-lang-mvp,starter_ai_generated_review_with_native_speaker
ethio-040,Food & Drink,egg,እንቁላል,enkulal,hanqaaquu,hanqaaquu,"restaurant, home, market, tourist menu translation",Use 'egg' in food and drink situations.,beginner,food-drink;beginner;ethio-lang-mvp,starter_ai_generated_review_with_native_speaker
ethio-041,Food & Drink,rice,ሩዝ,ruz,ruuzii,ruuzii,"restaurant, home, market, tourist menu translation",Use 'rice' in food and drink situations.,beginner,food-drink;beginner;ethio-lang-mvp,starter_ai_generated_review_with_native_speaker
ethio-042,Food & Drink,salt,ጨው,chew,soogidda,soogidda,"restaurant, home, market, tourist menu translation",Use 'salt' in food and drink situations.,beginner,food-drink;beginner;ethio-lang-mvp,starter_ai_generated_review_with_native_speaker
ethio-043,Food & Drink,sugar,ስኳር,sikwar,sukkaara,sukkaara,"restaurant, home, market, tourist menu translation",Use 'sugar' in food and drink situations.,beginner,food-drink;beginner;ethio-lang-mvp,starter_ai_generated_review_with_native_speaker
ethio-044,Food & Drink,vegetable,አትክልት,atikilt,kuduraa,kuduraa,"restaurant, home, market, tourist menu translation",Use 'vegetable' in food and drink situations.,beginner,food-drink;beginner;ethio-lang-mvp,starter_ai_generated_review_with_native_speaker
ethio-045,Food & Drink,fruit,ፍራፍሬ,firafire,muduraa,muduraa,"restaurant, home, market, tourist menu translation",Use 'fruit' in food and drink situations.,beginner,food-drink;beginner;ethio-lang-mvp,starter_ai_generated_review_with_native_speaker
ethio-046,Market & Money,market,ገበያ,gebeya,gabaa,gabaa,"shopping, bargaining, small business, payment",Use 'market' in market and money situations.,beginner,market-money;beginner;ethio-lang-mvp,starter_ai_generated_review_with_native_speaker
ethio-047,Market & Money,price,ዋጋ,waga,gatii,gatii,"shopping, bargaining, small business, payment",Use 'price' in market and money situations.,beginner,market-money;beginner;ethio-lang-mvp,starter_ai_generated_review_with_native_speaker
ethio-048,Market & Money,money,ገንዘብ,genzeb,maallaqa,maallaqa,"shopping, bargaining, small business, payment",Use 'money' in market and money situations.,beginner,market-money;beginner;ethio-lang-mvp,starter_ai_generated_review_with_native_speaker
ethio-049,Market & Money,cash,ጥሬ ገንዘብ,tire genzeb,maallaqa harkaa,maallaqa harkaa,"shopping, bargaining, small business, payment",Use 'cash' in market and money situations.,beginner,market-money;beginner;ethio-lang-mvp,starter_ai_generated_review_with_native_speaker
ethio-050,Market & Money,change,መልስ,mels,deebii,deebii,"shopping, bargaining, small business, payment",Use 'change' in market and money situations.,beginner,market-money;beginner;ethio-lang-mvp,starter_ai_generated_review_with_native_speaker
ethio-051,Market & Money,expensive,ውድ,wid,qaalii,qaalii,"shopping, bargaining, small business, payment",Use 'expensive' in market and money situations.,beginner,market-money;beginner;ethio-lang-mvp,starter_ai_generated_review_with_native_speaker
ethio-052,Market & Money,cheap,ርካሽ,irkash,rakasa,rakasa,"shopping, bargaining, small business, payment",Use 'cheap' in market and money situations.,beginner,market-money;beginner;ethio-lang-mvp,starter_ai_generated_review_with_native_speaker
ethio-053,Market & Money,buy,መግዛት,megzat,bituu,bituu,"shopping, bargaining, small business, payment",Use 'buy' in market and money situations.,beginner,market-money;beginner;ethio-lang-mvp,starter_ai_generated_review_with_native_speaker
ethio-054,Market & Money,sell,መሸጥ,meshet,gurguruu,gurguruu,"shopping, bargaining, small business, payment",Use 'sell' in market and money situations.,beginner,market-money;beginner;ethio-lang-mvp,starter_ai_generated_review_with_native_speaker
ethio-055,Market & Money,discount,ቅናሽ,kinash,hir'ina gatii,hir'ina gatii,"shopping, bargaining, small business, payment",Use 'discount' in market and money situations.,beginner,market-money;beginner;ethio-lang-mvp,starter_ai_generated_review_with_native_speaker
ethio-056,Market & Money,receipt,ደረሰኝ,deresenj,nagahee,nagahee,"shopping, bargaining, small business, payment",Use 'receipt' in market and money situations.,beginner,market-money;beginner;ethio-lang-mvp,starter_ai_generated_review_with_native_speaker
ethio-057,Market & Money,shop,ሱቅ,suk,mana daldalaa,mana daldalaa,"shopping, bargaining, small business, payment",Use 'shop' in market and money situations.,beginner,market-money;beginner;ethio-lang-mvp,starter_ai_generated_review_with_native_speaker
ethio-058,Market & Money,seller,ሻጭ,shach,gurguraa,gurguraa,"shopping, bargaining, small business, payment",Use 'seller' in market and money situations.,beginner,market-money;beginner;ethio-lang-mvp,starter_ai_generated_review_with_native_speaker
ethio-059,Market & Money,buyer,ገዢ,gezi,bitataa,bitataa,"shopping, bargaining, small business, payment",Use 'buyer' in market and money situations.,beginner,market-money;beginner;ethio-lang-mvp,starter_ai_generated_review_with_native_speaker
ethio-060,Market & Money,how much,ስንት ነው,sint new,meeqa,meeqa,"shopping, bargaining, small business, payment",Use 'how much' in market and money situations.,beginner,market-money;beginner;ethio-lang-mvp,starter_ai_generated_review_with_native_speaker
ethio-061,Transport & Directions,road,መንገድ,menged,karaa,karaa,"taxi, bus, walking directions, travel",Use 'road' in transport and directions situations.,beginner,transport-directions;beginner;ethio-lang-mvp,starter_ai_generated_review_with_native_speaker
ethio-062,Transport & Directions,car,መኪና,mekina,konkolaataa,konkolaataa,"taxi, bus, walking directions, travel",Use 'car' in transport and directions situations.,beginner,transport-directions;beginner;ethio-lang-mvp,starter_ai_generated_review_with_native_speaker
ethio-063,Transport & Directions,bus,አውቶቡስ,awtobus,baasii,baasii,"taxi, bus, walking directions, travel",Use 'bus' in transport and directions situations.,beginner,transport-directions;beginner;ethio-lang-mvp,starter_ai_generated_review_with_native_speaker
ethio-064,Transport & Directions,taxi,ታክሲ,taksi,taaksii,taaksii,"taxi, bus, walking directions, travel",Use 'taxi' in transport and directions situations.,beginner,transport-directions;beginner;ethio-lang-mvp,starter_ai_generated_review_with_native_speaker
ethio-065,Transport & Directions,airport,አየር ማረፊያ,ayer marefiya,buufata xiyyaaraa,buufata xiyyaaraa,"taxi, bus, walking directions, travel",Use 'airport' in transport and directions situations.,beginner,transport-directions;beginner;ethio-lang-mvp,starter_ai_generated_review_with_native_speaker
ethio-066,Transport & Directions,station,ጣቢያ,tabiya,buufata,buufata,"taxi, bus, walking directions, travel",Use 'station' in transport and directions situations.,beginner,transport-directions;beginner;ethio-lang-mvp,starter_ai_generated_review_with_native_speaker
ethio-067,Transport & Directions,left,ግራ,gira,bitaa,bitaa,"taxi, bus, walking directions, travel",Use 'left' in transport and directions situations.,beginner,transport-directions;beginner;ethio-lang-mvp,starter_ai_generated_review_with_native_speaker
ethio-068,Transport & Directions,right,ቀኝ,keny,mirga,mirga,"taxi, bus, walking directions, travel",Use 'right' in transport and directions situations.,beginner,transport-directions;beginner;ethio-lang-mvp,starter_ai_generated_review_with_native_speaker
ethio-069,Transport & Directions,straight,ቀጥታ,ketta,qajeelaa,qajeelaa,"taxi, bus, walking directions, travel",Use 'straight' in transport and directions situations.,beginner,transport-directions;beginner;ethio-lang-mvp,starter_ai_generated_review_with_native_speaker
ethio-070,Transport & Directions,near,ቅርብ,kirb,dhihoo,dhihoo,"taxi, bus, walking directions, travel",Use 'near' in transport and directions situations.,beginner,transport-directions;beginner;ethio-lang-mvp,starter_ai_generated_review_with_native_speaker
ethio-071,Transport & Directions,far,ሩቅ,ruk,fagoo,fagoo,"taxi, bus, walking directions, travel",Use 'far' in transport and directions situations.,beginner,transport-directions;beginner;ethio-lang-mvp,starter_ai_generated_review_with_native_speaker
ethio-072,Transport & Directions,stop,አቁም,akum,dhaabi,dhaabi,"taxi, bus, walking directions, travel",Use 'stop' in transport and directions situations.,beginner,transport-directions;beginner;ethio-lang-mvp,starter_ai_generated_review_with_native_speaker
ethio-073,Transport & Directions,go,ሂድ,hid,deemi,deemi,"taxi, bus, walking directions, travel",Use 'go' in transport and directions situations.,beginner,transport-directions;beginner;ethio-lang-mvp,starter_ai_generated_review_with_native_speaker
ethio-074,Transport & Directions,come,ና,na,kottu,kottu,"taxi, bus, walking directions, travel",Use 'come' in transport and directions situations.,beginner,transport-directions;beginner;ethio-lang-mvp,starter_ai_generated_review_with_native_speaker
ethio-075,Transport & Directions,where,የት,yet,eessa,eessa,"taxi, bus, walking directions, travel",Use 'where' in transport and directions situations.,beginner,transport-directions;beginner;ethio-lang-mvp,starter_ai_generated_review_with_native_speaker
ethio-076,Hotel & Travel,hotel,ሆቴል,hotel,hoteela,hoteela,"hotel check-in, tourism, airport, guest support",Use 'hotel' in hotel and travel situations.,beginner,hotel-travel;beginner;ethio-lang-mvp,starter_ai_generated_review_with_native_speaker
ethio-077,Hotel & Travel,room,ክፍል,kifil,kutaa,kutaa,"hotel check-in, tourism, airport, guest support",Use 'room' in hotel and travel situations.,beginner,hotel-travel;beginner;ethio-lang-mvp,starter_ai_generated_review_with_native_speaker
ethio-078,Hotel & Travel,bed,አልጋ,alga,siree,siree,"hotel check-in, tourism, airport, guest support",Use 'bed' in hotel and travel situations.,beginner,hotel-travel;beginner;ethio-lang-mvp,starter_ai_generated_review_with_native_speaker
ethio-079,Hotel & Travel,key,ቁልፍ,kulif,furtuu,furtuu,"hotel check-in, tourism, airport, guest support",Use 'key' in hotel and travel situations.,beginner,hotel-travel;beginner;ethio-lang-mvp,starter_ai_generated_review_with_native_speaker
ethio-080,Hotel & Travel,bathroom,መታጠቢያ,metatebiya,mana fincaanii,mana fincaanii,"hotel check-in, tourism, airport, guest support",Use 'bathroom' in hotel and travel situations.,beginner,hotel-travel;beginner;ethio-lang-mvp,starter_ai_generated_review_with_native_speaker
ethio-081,Hotel & Travel,reservation,ቦታ ማስያዝ,bota masyaz,iddoo qabachuu,iddoo qabachuu,"hotel check-in, tourism, airport, guest support",Use 'reservation' in hotel and travel situations.,beginner,hotel-travel;beginner;ethio-lang-mvp,starter_ai_generated_review_with_native_speaker
ethio-082,Hotel & Travel,passport,ፓስፖርት,passport,paaspoortii,paaspoortii,"hotel check-in, tourism, airport, guest support",Use 'passport' in hotel and travel situations.,beginner,hotel-travel;beginner;ethio-lang-mvp,starter_ai_generated_review_with_native_speaker
ethio-083,Hotel & Travel,luggage,ሻንጣ,shanta,baay'ee/korojoo,baay'ee/korojoo,"hotel check-in, tourism, airport, guest support",Use 'luggage' in hotel and travel situations.,beginner,hotel-travel;beginner;ethio-lang-mvp,starter_ai_generated_review_with_native_speaker
ethio-084,Hotel & Travel,tourist,ቱሪስት,turist,turistii,turistii,"hotel check-in, tourism, airport, guest support",Use 'tourist' in hotel and travel situations.,beginner,hotel-travel;beginner;ethio-lang-mvp,starter_ai_generated_review_with_native_speaker
ethio-085,Hotel & Travel,guide,መመሪያ,memeriya,qajeelchaa,qajeelchaa,"hotel check-in, tourism, airport, guest support",Use 'guide' in hotel and travel situations.,beginner,hotel-travel;beginner;ethio-lang-mvp,starter_ai_generated_review_with_native_speaker
ethio-086,Hotel & Travel,map,ካርታ,karta,kaartaa,kaartaa,"hotel check-in, tourism, airport, guest support",Use 'map' in hotel and travel situations.,beginner,hotel-travel;beginner;ethio-lang-mvp,starter_ai_generated_review_with_native_speaker
ethio-087,Hotel & Travel,ticket,ትኬት,tiket,tikkeettii,tikkeettii,"hotel check-in, tourism, airport, guest support",Use 'ticket' in hotel and travel situations.,beginner,hotel-travel;beginner;ethio-lang-mvp,starter_ai_generated_review_with_native_speaker
ethio-088,Hotel & Travel,entrance,መግቢያ,megbia,seensa,seensa,"hotel check-in, tourism, airport, guest support",Use 'entrance' in hotel and travel situations.,beginner,hotel-travel;beginner;ethio-lang-mvp,starter_ai_generated_review_with_native_speaker
ethio-089,Hotel & Travel,exit,መውጫ,mewcha,ba'uu,ba'uu,"hotel check-in, tourism, airport, guest support",Use 'exit' in hotel and travel situations.,beginner,hotel-travel;beginner;ethio-lang-mvp,starter_ai_generated_review_with_native_speaker
ethio-090,Hotel & Travel,help desk,መረጃ ዴስክ,mereja desk,deeskii odeeffannoo,deeskii odeeffannoo,"hotel check-in, tourism, airport, guest support",Use 'help desk' in hotel and travel situations.,beginner,hotel-travel;beginner;ethio-lang-mvp,starter_ai_generated_review_with_native_speaker
ethio-091,Emergency & Health,help,እርዳታ,irdata,gargaarsa,gargaarsa,"safety, hospital, pharmacy, urgent help",Use 'help' in emergency and health situations.,beginner,emergency-health;beginner;ethio-lang-mvp,starter_ai_generated_review_with_native_speaker
ethio-092,Emergency & Health,emergency,አደጋ,adega,balaa ariifachiisaa,balaa ariifachiisaa,"safety, hospital, pharmacy, urgent help",Use 'emergency' in emergency and health situations.,beginner,emergency-health;beginner;ethio-lang-mvp,starter_ai_generated_review_with_native_speaker
ethio-093,Emergency & Health,police,ፖሊስ,polis,poolisii,poolisii,"safety, hospital, pharmacy, urgent help",Use 'police' in emergency and health situations.,beginner,emergency-health;beginner;ethio-lang-mvp,starter_ai_generated_review_with_native_speaker
ethio-094,Emergency & Health,hospital,ሆስፒታል,hospital,hospitaala,hospitaala,"safety, hospital, pharmacy, urgent help",Use 'hospital' in emergency and health situations.,beginner,emergency-health;beginner;ethio-lang-mvp,starter_ai_generated_review_with_native_speaker
ethio-095,Emergency & Health,doctor,ሐኪም,hakim,doktara,doktara,"safety, hospital, pharmacy, urgent help",Use 'doctor' in emergency and health situations.,beginner,emergency-health;beginner;ethio-lang-mvp,starter_ai_generated_review_with_native_speaker
ethio-096,Emergency & Health,medicine,መድሃኒት,medhanit,qoricha,qoricha,"safety, hospital, pharmacy, urgent help",Use 'medicine' in emergency and health situations.,beginner,emergency-health;beginner;ethio-lang-mvp,starter_ai_generated_review_with_native_speaker
ethio-097,Emergency & Health,pain,ህመም,himem,dhukkubbii,dhukkubbii,"safety, hospital, pharmacy, urgent help",Use 'pain' in emergency and health situations.,beginner,emergency-health;beginner;ethio-lang-mvp,starter_ai_generated_review_with_native_speaker
ethio-098,Emergency & Health,sick,ታምሜአለሁ,tammealehu,dhukkubsadheera,dhukkubsadheera,"safety, hospital, pharmacy, urgent help",Use 'sick' in emergency and health situations.,beginner,emergency-health;beginner;ethio-lang-mvp,starter_ai_generated_review_with_native_speaker
ethio-099,Emergency & Health,allergy,አለርጂ,alerji,alergii,alergii,"safety, hospital, pharmacy, urgent help",Use 'allergy' in emergency and health situations.,beginner,emergency-health;beginner;ethio-lang-mvp,starter_ai_generated_review_with_native_speaker
ethio-100,Emergency & Health,fever,ትኩሳት,tikusat,ho'a qaamaa,ho'a qaamaa,"safety, hospital, pharmacy, urgent help",Use 'fever' in emergency and health situations.,beginner,emergency-health;beginner;ethio-lang-mvp,starter_ai_generated_review_with_native_speaker
ethio-101,Emergency & Health,water needed,ውሃ እፈልጋለሁ,wuha efelegalhu,bishaan na barbaachisa,bishaan na barbaachisa,"safety, hospital, pharmacy, urgent help",Use 'water needed' in emergency and health situations.,beginner,emergency-health;beginner;ethio-lang-mvp,starter_ai_generated_review_with_native_speaker
ethio-102,Emergency & Health,lost,ጠፍቻለሁ,tefchalehu,badeera,badeera,"safety, hospital, pharmacy, urgent help",Use 'lost' in emergency and health situations.,beginner,emergency-health;beginner;ethio-lang-mvp,starter_ai_generated_review_with_native_speaker
ethio-103,Emergency & Health,danger,አደጋ,adega,balaa,balaa,"safety, hospital, pharmacy, urgent help",Use 'danger' in emergency and health situations.,beginner,emergency-health;beginner;ethio-lang-mvp,starter_ai_generated_review_with_native_speaker
ethio-104,Emergency & Health,call,ደውል,dewul,bilbili,bilbili,"safety, hospital, pharmacy, urgent help",Use 'call' in emergency and health situations.,beginner,emergency-health;beginner;ethio-lang-mvp,starter_ai_generated_review_with_native_speaker
ethio-105,Emergency & Health,now,አሁን,ahun,amma,amma,"safety, hospital, pharmacy, urgent help",Use 'now' in emergency and health situations.,beginner,emergency-health;beginner;ethio-lang-mvp,starter_ai_generated_review_with_native_speaker
ethio-106,Time & Calendar,today,ዛሬ,zare,har'a,har'a,"planning, appointments, schedules",Use 'today' in time and calendar situations.,beginner,time-calendar;beginner;ethio-lang-mvp,starter_ai_generated_review_with_native_speaker
ethio-107,Time & Calendar,tomorrow,ነገ,nege,boru,boru,"planning, appointments, schedules",Use 'tomorrow' in time and calendar situations.,beginner,time-calendar;beginner;ethio-lang-mvp,starter_ai_generated_review_with_native_speaker
ethio-108,Time & Calendar,yesterday,ትናንት,tinant,kaleessa,kaleessa,"planning, appointments, schedules",Use 'yesterday' in time and calendar situations.,beginner,time-calendar;beginner;ethio-lang-mvp,starter_ai_generated_review_with_native_speaker
ethio-109,Time & Calendar,morning,ጠዋት,tewat,ganama,ganama,"planning, appointments, schedules",Use 'morning' in time and calendar situations.,beginner,time-calendar;beginner;ethio-lang-mvp,starter_ai_generated_review_with_native_speaker
ethio-110,Time & Calendar,afternoon,ከሰዓት በኋላ,keseat behwala,waaree booda,waaree booda,"planning, appointments, schedules",Use 'afternoon' in time and calendar situations.,beginner,time-calendar;beginner;ethio-lang-mvp,starter_ai_generated_review_with_native_speaker
ethio-111,Time & Calendar,evening,ምሽት,mishit,galgala,galgala,"planning, appointments, schedules",Use 'evening' in time and calendar situations.,beginner,time-calendar;beginner;ethio-lang-mvp,starter_ai_generated_review_with_native_speaker
ethio-112,Time & Calendar,night,ሌሊት,lelit,halkan,halkan,"planning, appointments, schedules",Use 'night' in time and calendar situations.,beginner,time-calendar;beginner;ethio-lang-mvp,starter_ai_generated_review_with_native_speaker
ethio-113,Time & Calendar,week,ሳምንት,samint,torban,torban,"planning, appointments, schedules",Use 'week' in time and calendar situations.,beginner,time-calendar;beginner;ethio-lang-mvp,starter_ai_generated_review_with_native_speaker
ethio-114,Time & Calendar,month,ወር,wer,ji'a,ji'a,"planning, appointments, schedules",Use 'month' in time and calendar situations.,beginner,time-calendar;beginner;ethio-lang-mvp,starter_ai_generated_review_with_native_speaker
ethio-115,Time & Calendar,year,ዓመት,amet,waggaa,waggaa,"planning, appointments, schedules",Use 'year' in time and calendar situations.,beginner,time-calendar;beginner;ethio-lang-mvp,starter_ai_generated_review_with_native_speaker
ethio-116,Time & Calendar,hour,ሰዓት,seat,sa'aatii,sa'aatii,"planning, appointments, schedules",Use 'hour' in time and calendar situations.,beginner,time-calendar;beginner;ethio-lang-mvp,starter_ai_generated_review_with_native_speaker
ethio-117,Time & Calendar,minute,ደቂቃ,dekika,daqiiqaa,daqiiqaa,"planning, appointments, schedules",Use 'minute' in time and calendar situations.,beginner,time-calendar;beginner;ethio-lang-mvp,starter_ai_generated_review_with_native_speaker
ethio-118,Time & Calendar,early,ቀደም,kedem,ganamaan,ganamaan,"planning, appointments, schedules",Use 'early' in time and calendar situations.,beginner,time-calendar;beginner;ethio-lang-mvp,starter_ai_generated_review_with_native_speaker
ethio-119,Time & Calendar,late,ዘግይቶ,zegyito,turtii,turtii,"planning, appointments, schedules",Use 'late' in time and calendar situations.,beginner,time-calendar;beginner;ethio-lang-mvp,starter_ai_generated_review_with_native_speaker
ethio-120,Time & Calendar,again,እንደገና,endegena,ammas,ammas,"planning, appointments, schedules",Use 'again' in time and calendar situations.,beginner,time-calendar;beginner;ethio-lang-mvp,starter_ai_generated_review_with_native_speaker
ethio-121,Numbers,one,አንድ,and,tokko,tokko,"prices, quantity, age, addresses, classroom learning",Use 'one' in numbers situations.,beginner,numbers;beginner;ethio-lang-mvp,starter_ai_generated_review_with_native_speaker
ethio-122,Numbers,two,ሁለት,hulet,lama,lama,"prices, quantity, age, addresses, classroom learning",Use 'two' in numbers situations.,beginner,numbers;beginner;ethio-lang-mvp,starter_ai_generated_review_with_native_speaker
ethio-123,Numbers,three,ሶስት,sost,sadii,sadii,"prices, quantity, age, addresses, classroom learning",Use 'three' in numbers situations.,beginner,numbers;beginner;ethio-lang-mvp,starter_ai_generated_review_with_native_speaker
ethio-124,Numbers,four,አራት,arat,afur,afur,"prices, quantity, age, addresses, classroom learning",Use 'four' in numbers situations.,beginner,numbers;beginner;ethio-lang-mvp,starter_ai_generated_review_with_native_speaker
ethio-125,Numbers,five,አምስት,amist,shan,shan,"prices, quantity, age, addresses, classroom learning",Use 'five' in numbers situations.,beginner,numbers;beginner;ethio-lang-mvp,starter_ai_generated_review_with_native_speaker
ethio-126,Numbers,six,ስድስት,sidist,ja'a,ja'a,"prices, quantity, age, addresses, classroom learning",Use 'six' in numbers situations.,beginner,numbers;beginner;ethio-lang-mvp,starter_ai_generated_review_with_native_speaker
ethio-127,Numbers,seven,ሰባት,sebat,torba,torba,"prices, quantity, age, addresses, classroom learning",Use 'seven' in numbers situations.,beginner,numbers;beginner;ethio-lang-mvp,starter_ai_generated_review_with_native_speaker
ethio-128,Numbers,eight,ስምንት,simint,saddeet,saddeet,"prices, quantity, age, addresses, classroom learning",Use 'eight' in numbers situations.,beginner,numbers;beginner;ethio-lang-mvp,starter_ai_generated_review_with_native_speaker
ethio-129,Numbers,nine,ዘጠኝ,zetegn,sagal,sagal,"prices, quantity, age, addresses, classroom learning",Use 'nine' in numbers situations.,beginner,numbers;beginner;ethio-lang-mvp,starter_ai_generated_review_with_native_speaker
ethio-130,Numbers,ten,አስር,asir,kudhan,kudhan,"prices, quantity, age, addresses, classroom learning",Use 'ten' in numbers situations.,beginner,numbers;beginner;ethio-lang-mvp,starter_ai_generated_review_with_native_speaker
ethio-131,Numbers,twenty,ሃያ,haya,digdama,digdama,"prices, quantity, age, addresses, classroom learning",Use 'twenty' in numbers situations.,beginner,numbers;beginner;ethio-lang-mvp,starter_ai_generated_review_with_native_speaker
ethio-132,Numbers,hundred,መቶ,meto,dhibba,dhibba,"prices, quantity, age, addresses, classroom learning",Use 'hundred' in numbers situations.,beginner,numbers;beginner;ethio-lang-mvp,starter_ai_generated_review_with_native_speaker
ethio-133,Numbers,thousand,ሺህ,shih,kuma,kuma,"prices, quantity, age, addresses, classroom learning",Use 'thousand' in numbers situations.,beginner,numbers;beginner;ethio-lang-mvp,starter_ai_generated_review_with_native_speaker
ethio-134,Numbers,first,መጀመሪያ,mejemeriya,jalqabaa,jalqabaa,"prices, quantity, age, addresses, classroom learning",Use 'first' in numbers situations.,beginner,numbers;beginner;ethio-lang-mvp,starter_ai_generated_review_with_native_speaker
ethio-135,Numbers,last,መጨረሻ,mecheresha,dhumaa,dhumaa,"prices, quantity, age, addresses, classroom learning",Use 'last' in numbers situations.,beginner,numbers;beginner;ethio-lang-mvp,starter_ai_generated_review_with_native_speaker
ethio-136,School & Learning,school,ትምህርት ቤት,timhirt bet,mana barumsaa,mana barumsaa,"students, teachers, learning tasks",Use 'school' in school and learning situations.,beginner,school-learning;beginner;ethio-lang-mvp,starter_ai_generated_review_with_native_speaker
ethio-137,School & Learning,book,መጽሐፍ,metsihaf,kitaaba,kitaaba,"students, teachers, learning tasks",Use 'book' in school and learning situations.,beginner,school-learning;beginner;ethio-lang-mvp,starter_ai_generated_review_with_native_speaker
ethio-138,School & Learning,pen,ብዕር,bir,qalama,qalama,"students, teachers, learning tasks",Use 'pen' in school and learning situations.,beginner,school-learning;beginner;ethio-lang-mvp,starter_ai_generated_review_with_native_speaker
ethio-139,School & Learning,paper,ወረቀት,wereket,waraqaa,waraqaa,"students, teachers, learning tasks",Use 'paper' in school and learning situations.,beginner,school-learning;beginner;ethio-lang-mvp,starter_ai_generated_review_with_native_speaker
ethio-140,School & Learning,lesson,ትምህርት,timhirt,barumsa,barumsa,"students, teachers, learning tasks",Use 'lesson' in school and learning situations.,beginner,school-learning;beginner;ethio-lang-mvp,starter_ai_generated_review_with_native_speaker
ethio-141,School & Learning,question,ጥያቄ,tiyake,gaaffii,gaaffii,"students, teachers, learning tasks",Use 'question' in school and learning situations.,beginner,school-learning;beginner;ethio-lang-mvp,starter_ai_generated_review_with_native_speaker
ethio-142,School & Learning,answer,መልስ,mels,deebii,deebii,"students, teachers, learning tasks",Use 'answer' in school and learning situations.,beginner,school-learning;beginner;ethio-lang-mvp,starter_ai_generated_review_with_native_speaker
ethio-143,School & Learning,exam,ፈተና,fetena,qormaata,qormaata,"students, teachers, learning tasks",Use 'exam' in school and learning situations.,beginner,school-learning;beginner;ethio-lang-mvp,starter_ai_generated_review_with_native_speaker
ethio-144,School & Learning,grade,ውጤት,wutet,bu'aa,bu'aa,"students, teachers, learning tasks",Use 'grade' in school and learning situations.,beginner,school-learning;beginner;ethio-lang-mvp,starter_ai_generated_review_with_native_speaker
ethio-145,School & Learning,class,ክፍል,kifil,kutaa,kutaa,"students, teachers, learning tasks",Use 'class' in school and learning situations.,beginner,school-learning;beginner;ethio-lang-mvp,starter_ai_generated_review_with_native_speaker
ethio-146,School & Learning,homework,የቤት ስራ,yebet sira,hojii manaa,hojii manaa,"students, teachers, learning tasks",Use 'homework' in school and learning situations.,beginner,school-learning;beginner;ethio-lang-mvp,starter_ai_generated_review_with_native_speaker
ethio-147,School & Learning,read,ማንበብ,manbeb,dubbisuu,dubbisuu,"students, teachers, learning tasks",Use 'read' in school and learning situations.,beginner,school-learning;beginner;ethio-lang-mvp,starter_ai_generated_review_with_native_speaker
ethio-148,School & Learning,write,መጻፍ,metsaf,barreessuu,barreessuu,"students, teachers, learning tasks",Use 'write' in school and learning situations.,beginner,school-learning;beginner;ethio-lang-mvp,starter_ai_generated_review_with_native_speaker
ethio-149,School & Learning,learn,መማር,memar,barachuu,barachuu,"students, teachers, learning tasks",Use 'learn' in school and learning situations.,beginner,school-learning;beginner;ethio-lang-mvp,starter_ai_generated_review_with_native_speaker
ethio-150,School & Learning,understand,መረዳት,meredat,hubachuu,hubachuu,"students, teachers, learning tasks",Use 'understand' in school and learning situations.,beginner,school-learning;beginner;ethio-lang-mvp,starter_ai_generated_review_with_native_speaker
ethio-151,Home & Objects,house,ቤት,bet,mana,mana,objects around the house and daily life,Use 'house' in home and objects situations.,beginner,home-objects;beginner;ethio-lang-mvp,starter_ai_generated_review_with_native_speaker
ethio-152,Home & Objects,door,በር,ber,balbala,balbala,objects around the house and daily life,Use 'door' in home and objects situations.,beginner,home-objects;beginner;ethio-lang-mvp,starter_ai_generated_review_with_native_speaker
ethio-153,Home & Objects,window,መስኮት,meskot,foddaa,foddaa,objects around the house and daily life,Use 'window' in home and objects situations.,beginner,home-objects;beginner;ethio-lang-mvp,starter_ai_generated_review_with_native_speaker
ethio-154,Home & Objects,chair,ወንበር,wenber,barcuma,barcuma,objects around the house and daily life,Use 'chair' in home and objects situations.,beginner,home-objects;beginner;ethio-lang-mvp,starter_ai_generated_review_with_native_speaker
ethio-155,Home & Objects,table,ጠረጴዛ,tereppeza,minjaala,minjaala,objects around the house and daily life,Use 'table' in home and objects situations.,beginner,home-objects;beginner;ethio-lang-mvp,starter_ai_generated_review_with_native_speaker
ethio-156,Home & Objects,phone,ስልክ,silk,bilbila,bilbila,objects around the house and daily life,Use 'phone' in home and objects situations.,beginner,home-objects;beginner;ethio-lang-mvp,starter_ai_generated_review_with_native_speaker
ethio-157,Home & Objects,bag,ቦርሳ,borsa,boorsaa,boorsaa,objects around the house and daily life,Use 'bag' in home and objects situations.,beginner,home-objects;beginner;ethio-lang-mvp,starter_ai_generated_review_with_native_speaker
ethio-158,Home & Objects,clothes,ልብስ,libs,uffata,uffata,objects around the house and daily life,Use 'clothes' in home and objects situations.,beginner,home-objects;beginner;ethio-lang-mvp,starter_ai_generated_review_with_native_speaker
ethio-159,Home & Objects,shoes,ጫማ,chama,kophee,kophee,objects around the house and daily life,Use 'shoes' in home and objects situations.,beginner,home-objects;beginner;ethio-lang-mvp,starter_ai_generated_review_with_native_speaker
ethio-160,Home & Objects,light,መብራት,mebrat,ibsaa,ibsaa,objects around the house and daily life,Use 'light' in home and objects situations.,beginner,home-objects;beginner;ethio-lang-mvp,starter_ai_generated_review_with_native_speaker
ethio-161,Home & Objects,water bottle,የውሃ ጠርሙስ,yewuha termus,qodaa bishaanii,qodaa bishaanii,objects around the house and daily life,Use 'water bottle' in home and objects situations.,beginner,home-objects;beginner;ethio-lang-mvp,starter_ai_generated_review_with_native_speaker
ethio-162,Home & Objects,soap,ሳሙና,samuna,saamunaa,saamunaa,objects around the house and daily life,Use 'soap' in home and objects situations.,beginner,home-objects;beginner;ethio-lang-mvp,starter_ai_generated_review_with_native_speaker
ethio-163,Home & Objects,blanket,ብርድ ልብስ,bird libs,uffata siree,uffata siree,objects around the house and daily life,Use 'blanket' in home and objects situations.,beginner,home-objects;beginner;ethio-lang-mvp,starter_ai_generated_review_with_native_speaker
ethio-164,Home & Objects,kitchen,ወጥ ቤት,wet bet,mana nyaataa,mana nyaataa,objects around the house and daily life,Use 'kitchen' in home and objects situations.,beginner,home-objects;beginner;ethio-lang-mvp,starter_ai_generated_review_with_native_speaker
ethio-165,Home & Objects,toilet,መጸዳጃ,metsedaja,mana fincaanii,mana fincaanii,objects around the house and daily life,Use 'toilet' in home and objects situations.,beginner,home-objects;beginner;ethio-lang-mvp,starter_ai_generated_review_with_native_speaker
ethio-166,Places,city,ከተማ,ketema,magaalaa,magaalaa,finding locations and understanding signs,Use 'city' in places situations.,beginner,places;beginner;ethio-lang-mvp,starter_ai_generated_review_with_native_speaker
ethio-167,Places,village,መንደር,mender,ganda,ganda,finding locations and understanding signs,Use 'village' in places situations.,beginner,places;beginner;ethio-lang-mvp,starter_ai_generated_review_with_native_speaker
ethio-168,Places,church,ቤተ ክርስቲያን,bete kiristiyan,mana kiristaanaa,mana kiristaanaa,finding locations and understanding signs,Use 'church' in places situations.,beginner,places;beginner;ethio-lang-mvp,starter_ai_generated_review_with_native_speaker
ethio-169,Places,mosque,መስጊድ,mesgid,masjiida,masjiida,finding locations and understanding signs,Use 'mosque' in places situations.,beginner,places;beginner;ethio-lang-mvp,starter_ai_generated_review_with_native_speaker
ethio-170,Places,bank,ባንክ,bank,baankii,baankii,finding locations and understanding signs,Use 'bank' in places situations.,beginner,places;beginner;ethio-lang-mvp,starter_ai_generated_review_with_native_speaker
ethio-171,Places,restaurant,ምግብ ቤት,migib bet,mana nyaataa,mana nyaataa,finding locations and understanding signs,Use 'restaurant' in places situations.,beginner,places;beginner;ethio-lang-mvp,starter_ai_generated_review_with_native_speaker
ethio-172,Places,pharmacy,መድሃኒት ቤት,medhanit bet,mana qorichaa,mana qorichaa,finding locations and understanding signs,Use 'pharmacy' in places situations.,beginner,places;beginner;ethio-lang-mvp,starter_ai_generated_review_with_native_speaker
ethio-173,Places,office,ቢሮ,biro,waajjira,waajjira,finding locations and understanding signs,Use 'office' in places situations.,beginner,places;beginner;ethio-lang-mvp,starter_ai_generated_review_with_native_speaker
ethio-174,Places,school,ትምህርት ቤት,timhirt bet,mana barumsaa,mana barumsaa,finding locations and understanding signs,Use 'school' in places situations.,beginner,places;beginner;ethio-lang-mvp,starter_ai_generated_review_with_native_speaker
ethio-175,Places,park,ፓርክ,park,paarkii,paarkii,finding locations and understanding signs,Use 'park' in places situations.,beginner,places;beginner;ethio-lang-mvp,starter_ai_generated_review_with_native_speaker
ethio-176,Places,museum,ሙዚየም,muziyam,muziyeemii,muziyeemii,finding locations and understanding signs,Use 'museum' in places situations.,beginner,places;beginner;ethio-lang-mvp,starter_ai_generated_review_with_native_speaker
ethio-177,Places,toilet,መጸዳጃ,metsedaja,mana fincaanii,mana fincaanii,finding locations and understanding signs,Use 'toilet' in places situations.,beginner,places;beginner;ethio-lang-mvp,starter_ai_generated_review_with_native_speaker
ethio-178,Places,entrance,መግቢያ,megbia,seensa,seensa,finding locations and understanding signs,Use 'entrance' in places situations.,beginner,places;beginner;ethio-lang-mvp,starter_ai_generated_review_with_native_speaker
ethio-179,Places,exit,መውጫ,mewcha,ba'uu,ba'uu,finding locations and understanding signs,Use 'exit' in places situations.,beginner,places;beginner;ethio-lang-mvp,starter_ai_generated_review_with_native_speaker
ethio-180,Places,address,አድራሻ,adrasha,teessoo,teessoo,finding locations and understanding signs,Use 'address' in places situations.,beginner,places;beginner;ethio-lang-mvp,starter_ai_generated_review_with_native_speaker
ethio-181,Technology,app,መተግበሪያ,metegberiya,appii,appii,"app UI, digital tools, scanning, translation",Use 'app' in technology situations.,beginner,technology;beginner;ethio-lang-mvp,starter_ai_generated_review_with_native_speaker
ethio-182,Technology,internet,ኢንተርኔት,internet,intarneetii,intarneetii,"app UI, digital tools, scanning, translation",Use 'internet' in technology situations.,beginner,technology;beginner;ethio-lang-mvp,starter_ai_generated_review_with_native_speaker
ethio-183,Technology,password,የይለፍ ቃል,yeyilef kal,jecha icciitii,jecha icciitii,"app UI, digital tools, scanning, translation",Use 'password' in technology situations.,beginner,technology;beginner;ethio-lang-mvp,starter_ai_generated_review_with_native_speaker
ethio-184,Technology,login,መግባት,megibat,seenuu,seenuu,"app UI, digital tools, scanning, translation",Use 'login' in technology situations.,beginner,technology;beginner;ethio-lang-mvp,starter_ai_generated_review_with_native_speaker
ethio-185,Technology,download,ማውረድ,mawred,buufachuu,buufachuu,"app UI, digital tools, scanning, translation",Use 'download' in technology situations.,beginner,technology;beginner;ethio-lang-mvp,starter_ai_generated_review_with_native_speaker
ethio-186,Technology,upload,መጫን,mechan,olkaa'uu,olkaa'uu,"app UI, digital tools, scanning, translation",Use 'upload' in technology situations.,beginner,technology;beginner;ethio-lang-mvp,starter_ai_generated_review_with_native_speaker
ethio-187,Technology,camera,ካሜራ,kamera,kaameraa,kaameraa,"app UI, digital tools, scanning, translation",Use 'camera' in technology situations.,beginner,technology;beginner;ethio-lang-mvp,starter_ai_generated_review_with_native_speaker
ethio-188,Technology,image,ምስል,misil,suuraa,suuraa,"app UI, digital tools, scanning, translation",Use 'image' in technology situations.,beginner,technology;beginner;ethio-lang-mvp,starter_ai_generated_review_with_native_speaker
ethio-189,Technology,video,ቪዲዮ,vidiyo,viidiyoo,viidiyoo,"app UI, digital tools, scanning, translation",Use 'video' in technology situations.,beginner,technology;beginner;ethio-lang-mvp,starter_ai_generated_review_with_native_speaker
ethio-190,Technology,audio,ድምፅ,dimts,sagalee,sagalee,"app UI, digital tools, scanning, translation",Use 'audio' in technology situations.,beginner,technology;beginner;ethio-lang-mvp,starter_ai_generated_review_with_native_speaker
ethio-191,Technology,text,ጽሑፍ,tsihuf,barreeffama,barreeffama,"app UI, digital tools, scanning, translation",Use 'text' in technology situations.,beginner,technology;beginner;ethio-lang-mvp,starter_ai_generated_review_with_native_speaker
ethio-192,Technology,translate,መተርጎም,metergom,hiikuu,hiikuu,"app UI, digital tools, scanning, translation",Use 'translate' in technology situations.,beginner,technology;beginner;ethio-lang-mvp,starter_ai_generated_review_with_native_speaker
ethio-193,Technology,scan,መቃኘት,mekanyet,sakaanii,sakaanii,"app UI, digital tools, scanning, translation",Use 'scan' in technology situations.,beginner,technology;beginner;ethio-lang-mvp,starter_ai_generated_review_with_native_speaker
ethio-194,Technology,save,ማስቀመጥ,maskemet,olkaa'uu,olkaa'uu,"app UI, digital tools, scanning, translation",Use 'save' in technology situations.,beginner,technology;beginner;ethio-lang-mvp,starter_ai_generated_review_with_native_speaker
ethio-195,Technology,share,ማጋራት,magarat,qooduu,qooduu,"app UI, digital tools, scanning, translation",Use 'share' in technology situations.,beginner,technology;beginner;ethio-lang-mvp,starter_ai_generated_review_with_native_speaker
ethio-196,Culture & Religion,holiday,በዓል,beal,ayyaana,ayyaana,"culture, holidays, respect, tourism explanation",Use 'holiday' in culture and religion situations.,beginner,culture-religion;beginner;ethio-lang-mvp,starter_ai_generated_review_with_native_speaker
ethio-197,Culture & Religion,culture,ባህል,bahil,aadaa,aadaa,"culture, holidays, respect, tourism explanation",Use 'culture' in culture and religion situations.,beginner,culture-religion;beginner;ethio-lang-mvp,starter_ai_generated_review_with_native_speaker
ethio-198,Culture & Religion,language,ቋንቋ,kwankwa,afaan,afaan,"culture, holidays, respect, tourism explanation",Use 'language' in culture and religion situations.,beginner,culture-religion;beginner;ethio-lang-mvp,starter_ai_generated_review_with_native_speaker
ethio-199,Culture & Religion,music,ሙዚቃ,muzika,muuziqaa,muuziqaa,"culture, holidays, respect, tourism explanation",Use 'music' in culture and religion situations.,beginner,culture-religion;beginner;ethio-lang-mvp,starter_ai_generated_review_with_native_speaker
ethio-200,Culture & Religion,dance,ዳንስ,dans,shubbisa,shubbisa,"culture, holidays, respect, tourism explanation",Use 'dance' in culture and religion situations.,beginner,culture-religion;beginner;ethio-lang-mvp,starter_ai_generated_review_with_native_speaker
ethio-201,Culture & Religion,coffee ceremony,የቡና ሥነ ስርዓት,yebuna sine sirat,sirna buna,sirna buna,"culture, holidays, respect, tourism explanation",Use 'coffee ceremony' in culture and religion situations.,beginner,culture-religion;beginner;ethio-lang-mvp,starter_ai_generated_review_with_native_speaker
ethio-202,Culture & Religion,blessing,ቡራኬ,burake,eebba,eebba,"culture, holidays, respect, tourism explanation",Use 'blessing' in culture and religion situations.,beginner,culture-religion;beginner;ethio-lang-mvp,starter_ai_generated_review_with_native_speaker
ethio-203,Culture & Religion,prayer,ጸሎት,tselot,kadhannaa,kadhannaa,"culture, holidays, respect, tourism explanation",Use 'prayer' in culture and religion situations.,beginner,culture-religion;beginner;ethio-lang-mvp,starter_ai_generated_review_with_native_speaker
ethio-204,Culture & Religion,church,ቤተ ክርስቲያን,bete kiristiyan,mana kiristaanaa,mana kiristaanaa,"culture, holidays, respect, tourism explanation",Use 'church' in culture and religion situations.,beginner,culture-religion;beginner;ethio-lang-mvp,starter_ai_generated_review_with_native_speaker
ethio-205,Culture & Religion,mosque,መስጊድ,mesgid,masjiida,masjiida,"culture, holidays, respect, tourism explanation",Use 'mosque' in culture and religion situations.,beginner,culture-religion;beginner;ethio-lang-mvp,starter_ai_generated_review_with_native_speaker
ethio-206,Culture & Religion,fasting,ጾም,tsom,sooma,sooma,"culture, holidays, respect, tourism explanation",Use 'fasting' in culture and religion situations.,beginner,culture-religion;beginner;ethio-lang-mvp,starter_ai_generated_review_with_native_speaker
ethio-207,Culture & Religion,festival,ፌስቲቫል,festival,ayyaana,ayyaana,"culture, holidays, respect, tourism explanation",Use 'festival' in culture and religion situations.,beginner,culture-religion;beginner;ethio-lang-mvp,starter_ai_generated_review_with_native_speaker
ethio-208,Culture & Religion,traditional,ባህላዊ,bahlawi,aadaa,aadaa,"culture, holidays, respect, tourism explanation",Use 'traditional' in culture and religion situations.,beginner,culture-religion;beginner;ethio-lang-mvp,starter_ai_generated_review_with_native_speaker
ethio-209,Culture & Religion,respect,ክብር,kibir,kabaja,kabaja,"culture, holidays, respect, tourism explanation",Use 'respect' in culture and religion situations.,beginner,culture-religion;beginner;ethio-lang-mvp,starter_ai_generated_review_with_native_speaker
ethio-210,Culture & Religion,elder,አዛውንት,azawint,jaarsa,jaarsa,"culture, holidays, respect, tourism explanation",Use 'elder' in culture and religion situations.,beginner,culture-religion;beginner;ethio-lang-mvp,starter_ai_generated_review_with_native_speaker
ethio-211,Nature & Animals,sun,ፀሐይ,tsehay,aduu,aduu,"children learning, rural/agriculture/tourism vocabulary",Use 'sun' in nature and animals situations.,beginner,nature-animals;beginner;ethio-lang-mvp,starter_ai_generated_review_with_native_speaker
ethio-212,Nature & Animals,rain,ዝናብ,zinab,rooba,rooba,"children learning, rural/agriculture/tourism vocabulary",Use 'rain' in nature and animals situations.,beginner,nature-animals;beginner;ethio-lang-mvp,starter_ai_generated_review_with_native_speaker
ethio-213,Nature & Animals,wind,ነፋስ,nefas,qilleensa,qilleensa,"children learning, rural/agriculture/tourism vocabulary",Use 'wind' in nature and animals situations.,beginner,nature-animals;beginner;ethio-lang-mvp,starter_ai_generated_review_with_native_speaker
ethio-214,Nature & Animals,mountain,ተራራ,terara,gaara,gaara,"children learning, rural/agriculture/tourism vocabulary",Use 'mountain' in nature and animals situations.,beginner,nature-animals;beginner;ethio-lang-mvp,starter_ai_generated_review_with_native_speaker
ethio-215,Nature & Animals,river,ወንዝ,wenz,lagaa,lagaa,"children learning, rural/agriculture/tourism vocabulary",Use 'river' in nature and animals situations.,beginner,nature-animals;beginner;ethio-lang-mvp,starter_ai_generated_review_with_native_speaker
ethio-216,Nature & Animals,lake,ሐይቅ,hayk,haroo,haroo,"children learning, rural/agriculture/tourism vocabulary",Use 'lake' in nature and animals situations.,beginner,nature-animals;beginner;ethio-lang-mvp,starter_ai_generated_review_with_native_speaker
ethio-217,Nature & Animals,tree,ዛፍ,zaf,muka,muka,"children learning, rural/agriculture/tourism vocabulary",Use 'tree' in nature and animals situations.,beginner,nature-animals;beginner;ethio-lang-mvp,starter_ai_generated_review_with_native_speaker
ethio-218,Nature & Animals,flower,አበባ,abeba,daraaraa,daraaraa,"children learning, rural/agriculture/tourism vocabulary",Use 'flower' in nature and animals situations.,beginner,nature-animals;beginner;ethio-lang-mvp,starter_ai_generated_review_with_native_speaker
ethio-219,Nature & Animals,animal,እንስሳ,insisa,bineensa,bineensa,"children learning, rural/agriculture/tourism vocabulary",Use 'animal' in nature and animals situations.,beginner,nature-animals;beginner;ethio-lang-mvp,starter_ai_generated_review_with_native_speaker
ethio-220,Nature & Animals,dog,ውሻ,wusha,saree,saree,"children learning, rural/agriculture/tourism vocabulary",Use 'dog' in nature and animals situations.,beginner,nature-animals;beginner;ethio-lang-mvp,starter_ai_generated_review_with_native_speaker
ethio-221,Nature & Animals,cat,ድመት,dimet,adurree,adurree,"children learning, rural/agriculture/tourism vocabulary",Use 'cat' in nature and animals situations.,beginner,nature-animals;beginner;ethio-lang-mvp,starter_ai_generated_review_with_native_speaker
ethio-222,Nature & Animals,cow,ላም,lam,sa'a,sa'a,"children learning, rural/agriculture/tourism vocabulary",Use 'cow' in nature and animals situations.,beginner,nature-animals;beginner;ethio-lang-mvp,starter_ai_generated_review_with_native_speaker
ethio-223,Nature & Animals,goat,ፍየል,fiyel,re'ee,re'ee,"children learning, rural/agriculture/tourism vocabulary",Use 'goat' in nature and animals situations.,beginner,nature-animals;beginner;ethio-lang-mvp,starter_ai_generated_review_with_native_speaker
ethio-224,Nature & Animals,sheep,በግ,beg,hoolaa,hoolaa,"children learning, rural/agriculture/tourism vocabulary",Use 'sheep' in nature and animals situations.,beginner,nature-animals;beginner;ethio-lang-mvp,starter_ai_generated_review_with_native_speaker
ethio-225,Nature & Animals,horse,ፈረስ,feres,farda,farda,"children learning, rural/agriculture/tourism vocabulary",Use 'horse' in nature and animals situations.,beginner,nature-animals;beginner;ethio-lang-mvp,starter_ai_generated_review_with_native_speaker
ethio-226,Colors & Descriptions,white,ነጭ,nech,adii,adii,"describing objects, clothes, places, people",Use 'white' in colors and descriptions situations.,beginner,colors-descriptions;beginner;ethio-lang-mvp,starter_ai_generated_review_with_native_speaker
ethio-227,Colors & Descriptions,black,ጥቁር,tikur,gurraacha,gurraacha,"describing objects, clothes, places, people",Use 'black' in colors and descriptions situations.,beginner,colors-descriptions;beginner;ethio-lang-mvp,starter_ai_generated_review_with_native_speaker
ethio-228,Colors & Descriptions,red,ቀይ,key,diimaa,diimaa,"describing objects, clothes, places, people",Use 'red' in colors and descriptions situations.,beginner,colors-descriptions;beginner;ethio-lang-mvp,starter_ai_generated_review_with_native_speaker
ethio-229,Colors & Descriptions,green,አረንጓዴ,arenguade,magariisa,magariisa,"describing objects, clothes, places, people",Use 'green' in colors and descriptions situations.,beginner,colors-descriptions;beginner;ethio-lang-mvp,starter_ai_generated_review_with_native_speaker
ethio-230,Colors & Descriptions,blue,ሰማያዊ,semayawi,cuquliisa,cuquliisa,"describing objects, clothes, places, people",Use 'blue' in colors and descriptions situations.,beginner,colors-descriptions;beginner;ethio-lang-mvp,starter_ai_generated_review_with_native_speaker
ethio-231,Colors & Descriptions,yellow,ቢጫ,bicha,keelloo,keelloo,"describing objects, clothes, places, people",Use 'yellow' in colors and descriptions situations.,beginner,colors-descriptions;beginner;ethio-lang-mvp,starter_ai_generated_review_with_native_speaker
ethio-232,Colors & Descriptions,big,ትልቅ,tilik,guddaa,guddaa,"describing objects, clothes, places, people",Use 'big' in colors and descriptions situations.,beginner,colors-descriptions;beginner;ethio-lang-mvp,starter_ai_generated_review_with_native_speaker
ethio-233,Colors & Descriptions,small,ትንሽ,tinish,xiqqaa,xiqqaa,"describing objects, clothes, places, people",Use 'small' in colors and descriptions situations.,beginner,colors-descriptions;beginner;ethio-lang-mvp,starter_ai_generated_review_with_native_speaker
ethio-234,Colors & Descriptions,new,አዲስ,adis,haaraa,haaraa,"describing objects, clothes, places, people",Use 'new' in colors and descriptions situations.,beginner,colors-descriptions;beginner;ethio-lang-mvp,starter_ai_generated_review_with_native_speaker
ethio-235,Colors & Descriptions,old,አሮጌ,aroge,moofaa,moofaa,"describing objects, clothes, places, people",Use 'old' in colors and descriptions situations.,beginner,colors-descriptions;beginner;ethio-lang-mvp,starter_ai_generated_review_with_native_speaker
ethio-236,Colors & Descriptions,good,ጥሩ,tiru,gaarii,gaarii,"describing objects, clothes, places, people",Use 'good' in colors and descriptions situations.,beginner,colors-descriptions;beginner;ethio-lang-mvp,starter_ai_generated_review_with_native_speaker
ethio-237,Colors & Descriptions,bad,መጥፎ,metfo,hamaa,hamaa,"describing objects, clothes, places, people",Use 'bad' in colors and descriptions situations.,beginner,colors-descriptions;beginner;ethio-lang-mvp,starter_ai_generated_review_with_native_speaker
ethio-238,Colors & Descriptions,beautiful,ቆንጆ,konjo,bareedaa,bareedaa,"describing objects, clothes, places, people",Use 'beautiful' in colors and descriptions situations.,beginner,colors-descriptions;beginner;ethio-lang-mvp,starter_ai_generated_review_with_native_speaker
ethio-239,Colors & Descriptions,clean,ንጹህ,nitsuh,qulqulluu,qulqulluu,"describing objects, clothes, places, people",Use 'clean' in colors and descriptions situations.,beginner,colors-descriptions;beginner;ethio-lang-mvp,starter_ai_generated_review_with_native_speaker
ethio-240,Colors & Descriptions,hot,ሙቅ,muk,ho'aa,ho'aa,"describing objects, clothes, places, people",Use 'hot' in colors and descriptions situations.,beginner,colors-descriptions;beginner;ethio-lang-mvp,starter_ai_generated_review_with_native_speaker
ethio-241,Common Verbs,eat,መብላት,meblat,nyaachuu,nyaachuu,building basic sentences and understanding actions,Use 'eat' in common verbs situations.,beginner,common-verbs;beginner;ethio-lang-mvp,starter_ai_generated_review_with_native_speaker
ethio-242,Common Verbs,drink,መጠጣት,metetat,dhuguu,dhuguu,building basic sentences and understanding actions,Use 'drink' in common verbs situations.,beginner,common-verbs;beginner;ethio-lang-mvp,starter_ai_generated_review_with_native_speaker
ethio-243,Common Verbs,sleep,መተኛት,metenyat,rafuu,rafuu,building basic sentences and understanding actions,Use 'sleep' in common verbs situations.,beginner,common-verbs;beginner;ethio-lang-mvp,starter_ai_generated_review_with_native_speaker
ethio-244,Common Verbs,walk,መሄድ,mehed,deemuu,deemuu,building basic sentences and understanding actions,Use 'walk' in common verbs situations.,beginner,common-verbs;beginner;ethio-lang-mvp,starter_ai_generated_review_with_native_speaker
ethio-245,Common Verbs,run,መሮጥ,merot,fiiguu,fiiguu,building basic sentences and understanding actions,Use 'run' in common verbs situations.,beginner,common-verbs;beginner;ethio-lang-mvp,starter_ai_generated_review_with_native_speaker
ethio-246,Common Verbs,sit,መቀመጥ,mekemet,taa'uu,taa'uu,building basic sentences and understanding actions,Use 'sit' in common verbs situations.,beginner,common-verbs;beginner;ethio-lang-mvp,starter_ai_generated_review_with_native_speaker
ethio-247,Common Verbs,stand,መቆም,mekom,dhaabbachuu,dhaabbachuu,building basic sentences and understanding actions,Use 'stand' in common verbs situations.,beginner,common-verbs;beginner;ethio-lang-mvp,starter_ai_generated_review_with_native_speaker
ethio-248,Common Verbs,open,መክፈት,mekfet,banuu,banuu,building basic sentences and understanding actions,Use 'open' in common verbs situations.,beginner,common-verbs;beginner;ethio-lang-mvp,starter_ai_generated_review_with_native_speaker
ethio-249,Common Verbs,close,መዝጋት,mezgat,cufuu,cufuu,building basic sentences and understanding actions,Use 'close' in common verbs situations.,beginner,common-verbs;beginner;ethio-lang-mvp,starter_ai_generated_review_with_native_speaker
ethio-250,Common Verbs,give,መስጠት,mestet,kennuu,kennuu,building basic sentences and understanding actions,Use 'give' in common verbs situations.,beginner,common-verbs;beginner;ethio-lang-mvp,starter_ai_generated_review_with_native_speaker
ethio-251,Common Verbs,take,መውሰድ,mewsed,fudhachuu,fudhachuu,building basic sentences and understanding actions,Use 'take' in common verbs situations.,beginner,common-verbs;beginner;ethio-lang-mvp,starter_ai_generated_review_with_native_speaker
ethio-252,Common Verbs,see,ማየት,mayet,arguu,arguu,building basic sentences and understanding actions,Use 'see' in common verbs situations.,beginner,common-verbs;beginner;ethio-lang-mvp,starter_ai_generated_review_with_native_speaker
ethio-253,Common Verbs,hear,መስማት,mesmat,dhaga'uu,dhaga'uu,building basic sentences and understanding actions,Use 'hear' in common verbs situations.,beginner,common-verbs;beginner;ethio-lang-mvp,starter_ai_generated_review_with_native_speaker
ethio-254,Common Verbs,speak,መናገር,menager,dubbachuu,dubbachuu,building basic sentences and understanding actions,Use 'speak' in common verbs situations.,beginner,common-verbs;beginner;ethio-lang-mvp,starter_ai_generated_review_with_native_speaker
ethio-255,Common Verbs,ask,መጠየቅ,meteyek,gaafachuu,gaafachuu,building basic sentences and understanding actions,Use 'ask' in common verbs situations.,beginner,common-verbs;beginner;ethio-lang-mvp,starter_ai_generated_review_with_native_speaker
ethio-256,Useful Phrases,I need help,እርዳታ እፈልጋለሁ,irdata efelegalhu,gargaarsa na barbaachisa,gargaarsa na barbaachisa,real-life communication and tourist survival phrases,Use 'I need help' in useful phrases situations.,beginner,useful-phrases;beginner;ethio-lang-mvp,starter_ai_generated_review_with_native_speaker
ethio-257,Useful Phrases,I do not understand,አልገባኝም,algebagnim,naaf hin galle,naaf hin galle,real-life communication and tourist survival phrases,Use 'I do not understand' in useful phrases situations.,beginner,useful-phrases;beginner;ethio-lang-mvp,starter_ai_generated_review_with_native_speaker
ethio-258,Useful Phrases,Please repeat,እባክዎ ይድገሙ,ebakwo yidgemu,maaloo irra deebi'aa,maaloo irra deebi'aa,real-life communication and tourist survival phrases,Use 'Please repeat' in useful phrases situations.,beginner,useful-phrases;beginner;ethio-lang-mvp,starter_ai_generated_review_with_native_speaker
ethio-259,Useful Phrases,Speak slowly,በቀስታ ይናገሩ,bekesta yinageru,suuta dubbadhaa,suuta dubbadhaa,real-life communication and tourist survival phrases,Use 'Speak slowly' in useful phrases situations.,beginner,useful-phrases;beginner;ethio-lang-mvp,starter_ai_generated_review_with_native_speaker
ethio-260,Useful Phrases,Where is this place,ይህ ቦታ የት ነው,yih bota yet new,iddoon kun eessa,iddoon kun eessa,real-life communication and tourist survival phrases,Use 'Where is this place' in useful phrases situations.,beginner,useful-phrases;beginner;ethio-lang-mvp,starter_ai_generated_review_with_native_speaker
ethio-261,Useful Phrases,I want this,ይህን እፈልጋለሁ,yihin efelegalhu,kana nan barbaada,kana nan barbaada,real-life communication and tourist survival phrases,Use 'I want this' in useful phrases situations.,beginner,useful-phrases;beginner;ethio-lang-mvp,starter_ai_generated_review_with_native_speaker
ethio-262,Useful Phrases,I don't want this,ይህን አልፈልግም,yihin alfeligim,kana hin barbaadu,kana hin barbaadu,real-life communication and tourist survival phrases,Use 'I don't want this' in useful phrases situations.,beginner,useful-phrases;beginner;ethio-lang-mvp,starter_ai_generated_review_with_native_speaker
ethio-263,Useful Phrases,Can you help me,ሊረዱኝ ይችላሉ,liredun yichilalu,na gargaaruu dandeessu,na gargaaruu dandeessu,real-life communication and tourist survival phrases,Use 'Can you help me' in useful phrases situations.,beginner,useful-phrases;beginner;ethio-lang-mvp,starter_ai_generated_review_with_native_speaker
ethio-264,Useful Phrases,I am lost,ጠፍቻለሁ,tefchalehu,badeera,badeera,real-life communication and tourist survival phrases,Use 'I am lost' in useful phrases situations.,beginner,useful-phrases;beginner;ethio-lang-mvp,starter_ai_generated_review_with_native_speaker
ethio-265,Useful Phrases,Call the police,ፖሊስ ይጥሩ,polis yitiru,poolisii waamaa,poolisii waamaa,real-life communication and tourist survival phrases,Use 'Call the police' in useful phrases situations.,beginner,useful-phrases;beginner;ethio-lang-mvp,starter_ai_generated_review_with_native_speaker
ethio-266,Useful Phrases,I am learning,እየተማርኩ ነው,eyetemareku new,barachaan jira,barachaan jira,real-life communication and tourist survival phrases,Use 'I am learning' in useful phrases situations.,beginner,useful-phrases;beginner;ethio-lang-mvp,starter_ai_generated_review_with_native_speaker
ethio-267,Useful Phrases,What does this mean,ይህ ምን ማለት ነው,yih min malet new,kun maal jechuudha,kun maal jechuudha,real-life communication and tourist survival phrases,Use 'What does this mean' in useful phrases situations.,beginner,useful-phrases;beginner;ethio-lang-mvp,starter_ai_generated_review_with_native_speaker
ethio-268,Useful Phrases,Can I take a photo,ፎቶ ማንሳት እችላለሁ,foto mansat echilalehu,suuraa kaasuu nan danda'aa,suuraa kaasuu nan danda'aa,real-life communication and tourist survival phrases,Use 'Can I take a photo' in useful phrases situations.,beginner,useful-phrases;beginner;ethio-lang-mvp,starter_ai_generated_review_with_native_speaker
ethio-269,Useful Phrases,I am vegetarian,ስጋ አልበላም,siga albelam,foon hin nyaadhu,foon hin nyaadhu,real-life communication and tourist survival phrases,Use 'I am vegetarian' in useful phrases situations.,beginner,useful-phrases;beginner;ethio-lang-mvp,starter_ai_generated_review_with_native_speaker
ethio-270,Useful Phrases,Thank you very much,በጣም አመሰግናለሁ,betam ameseginalehu,baay'ee galatoomi,baay'ee galatoomi,real-life communication and tourist survival phrases,Use 'Thank you very much' in useful phrases situations.,beginner,useful-phrases;beginner;ethio-lang-mvp,starter_ai_generated_review_with_native_speaker
ethio-271,App UI Labels,translate,ተርጉም,tergum,hiiki,hiiki,labels and actions for the app interface,Use 'translate' in app ui labels situations.,beginner,app-ui-labels;beginner;ethio-lang-mvp,starter_ai_generated_review_with_native_speaker
ethio-272,App UI Labels,scan image,ምስል ቃኝ,misil kagn,suuraa sakaani,suuraa sakaani,labels and actions for the app interface,Use 'scan image' in app ui labels situations.,beginner,app-ui-labels;beginner;ethio-lang-mvp,starter_ai_generated_review_with_native_speaker
ethio-273,App UI Labels,dictionary,መዝገበ ቃላት,mezgebe kalat,galmee jechootaa,galmee jechootaa,labels and actions for the app interface,Use 'dictionary' in app ui labels situations.,beginner,app-ui-labels;beginner;ethio-lang-mvp,starter_ai_generated_review_with_native_speaker
ethio-274,App UI Labels,my words,የእኔ ቃላት,ye'ene kalat,jechoota koo,jechoota koo,labels and actions for the app interface,Use 'my words' in app ui labels situations.,beginner,app-ui-labels;beginner;ethio-lang-mvp,starter_ai_generated_review_with_native_speaker
ethio-275,App UI Labels,learn,ተማር,temar,baradhu,baradhu,labels and actions for the app interface,Use 'learn' in app ui labels situations.,beginner,app-ui-labels;beginner;ethio-lang-mvp,starter_ai_generated_review_with_native_speaker
ethio-276,App UI Labels,practice,ተለማመድ,telemamed,shaakali,shaakali,labels and actions for the app interface,Use 'practice' in app ui labels situations.,beginner,app-ui-labels;beginner;ethio-lang-mvp,starter_ai_generated_review_with_native_speaker
ethio-277,App UI Labels,save word,ቃል አስቀምጥ,kal askemet,jecha olkaa'i,jecha olkaa'i,labels and actions for the app interface,Use 'save word' in app ui labels situations.,beginner,app-ui-labels;beginner;ethio-lang-mvp,starter_ai_generated_review_with_native_speaker
ethio-278,App UI Labels,remove,አስወግድ,aswegid,haqi,haqi,labels and actions for the app interface,Use 'remove' in app ui labels situations.,beginner,app-ui-labels;beginner;ethio-lang-mvp,starter_ai_generated_review_with_native_speaker
ethio-279,App UI Labels,search,ፈልግ,felig,barbaadi,barbaadi,labels and actions for the app interface,Use 'search' in app ui labels situations.,beginner,app-ui-labels;beginner;ethio-lang-mvp,starter_ai_generated_review_with_native_speaker
ethio-280,App UI Labels,upload,ጫን,chan,olkaa'i,olkaa'i,labels and actions for the app interface,Use 'upload' in app ui labels situations.,beginner,app-ui-labels;beginner;ethio-lang-mvp,starter_ai_generated_review_with_native_speaker
ethio-281,App UI Labels,camera,ካሜራ,kamera,kaameraa,kaameraa,labels and actions for the app interface,Use 'camera' in app ui labels situations.,beginner,app-ui-labels;beginner;ethio-lang-mvp,starter_ai_generated_review_with_native_speaker
ethio-282,App UI Labels,continue,ቀጥል,ketil,itti fufi,itti fufi,labels and actions for the app interface,Use 'continue' in app ui labels situations.,beginner,app-ui-labels;beginner;ethio-lang-mvp,starter_ai_generated_review_with_native_speaker
ethio-283,App UI Labels,settings,ቅንብሮች,kinibiroch,sirreeffamoota,sirreeffamoota,labels and actions for the app interface,Use 'settings' in app ui labels situations.,beginner,app-ui-labels;beginner;ethio-lang-mvp,starter_ai_generated_review_with_native_speaker
ethio-284,App UI Labels,language,ቋንቋ,kwankwa,afaan,afaan,labels and actions for the app interface,Use 'language' in app ui labels situations.,beginner,app-ui-labels;beginner;ethio-lang-mvp,starter_ai_generated_review_with_native_speaker
ethio-285,App UI Labels,offline,ከመስመር ውጭ,kemesmer wuch,intarneetii malee,intarneetii malee,labels and actions for the app interface,Use 'offline' in app ui labels situations.,beginner,app-ui-labels;beginner;ethio-lang-mvp,starter_ai_generated_review_with_native_speaker
ethio-286,Tourism & Ethiopia,Ethiopia,ኢትዮጵያ,ityopiya,Itoophiyaa,Itoophiyaa,tourism cards and Ethiopia-specific learning content,Use 'Ethiopia' in tourism and ethiopia situations.,beginner,tourism-ethiopia;beginner;ethio-lang-mvp,starter_ai_generated_review_with_native_speaker
ethio-287,Tourism & Ethiopia,Addis Ababa,አዲስ አበባ,adis abeba,Finfinnee,Finfinnee,tourism cards and Ethiopia-specific learning content,Use 'Addis Ababa' in tourism and ethiopia situations.,beginner,tourism-ethiopia;beginner;ethio-lang-mvp,starter_ai_generated_review_with_native_speaker
ethio-288,Tourism & Ethiopia,Lalibela,ላሊበላ,lalibela,Laalibela,Laalibela,tourism cards and Ethiopia-specific learning content,Use 'Lalibela' in tourism and ethiopia situations.,beginner,tourism-ethiopia;beginner;ethio-lang-mvp,starter_ai_generated_review_with_native_speaker
ethio-289,Tourism & Ethiopia,Axum,አክሱም,aksum,Aksum,Aksum,tourism cards and Ethiopia-specific learning content,Use 'Axum' in tourism and ethiopia situations.,beginner,tourism-ethiopia;beginner;ethio-lang-mvp,starter_ai_generated_review_with_native_speaker
ethio-290,Tourism & Ethiopia,Gondar,ጎንደር,gonder,Gondar,Gondar,tourism cards and Ethiopia-specific learning content,Use 'Gondar' in tourism and ethiopia situations.,beginner,tourism-ethiopia;beginner;ethio-lang-mvp,starter_ai_generated_review_with_native_speaker
ethio-291,Tourism & Ethiopia,Harar,ሐረር,harer,Harar,Harar,tourism cards and Ethiopia-specific learning content,Use 'Harar' in tourism and ethiopia situations.,beginner,tourism-ethiopia;beginner;ethio-lang-mvp,starter_ai_generated_review_with_native_speaker
ethio-292,Tourism & Ethiopia,Simien Mountains,ሰሜን ተራሮች,semen teraroch,Gaara Simien,Gaara Simien,tourism cards and Ethiopia-specific learning content,Use 'Simien Mountains' in tourism and ethiopia situations.,beginner,tourism-ethiopia;beginner;ethio-lang-mvp,starter_ai_generated_review_with_native_speaker
ethio-293,Tourism & Ethiopia,Blue Nile,ዓባይ,abay,Abbayyaa,Abbayyaa,tourism cards and Ethiopia-specific learning content,Use 'Blue Nile' in tourism and ethiopia situations.,beginner,tourism-ethiopia;beginner;ethio-lang-mvp,starter_ai_generated_review_with_native_speaker
ethio-294,Tourism & Ethiopia,museum,ሙዚየም,muziyam,muziyeemii,muziyeemii,tourism cards and Ethiopia-specific learning content,Use 'museum' in tourism and ethiopia situations.,beginner,tourism-ethiopia;beginner;ethio-lang-mvp,starter_ai_generated_review_with_native_speaker
ethio-295,Tourism & Ethiopia,guide,አስጎብኚ,asgobign,qajeelchaa,qajeelchaa,tourism cards and Ethiopia-specific learning content,Use 'guide' in tourism and ethiopia situations.,beginner,tourism-ethiopia;beginner;ethio-lang-mvp,starter_ai_generated_review_with_native_speaker
ethio-296,Tourism & Ethiopia,ticket office,የትኬት ቢሮ,yetiket biro,waajjira tikkeettii,waajjira tikkeettii,tourism cards and Ethiopia-specific learning content,Use 'ticket office' in tourism and ethiopia situations.,beginner,tourism-ethiopia;beginner;ethio-lang-mvp,starter_ai_generated_review_with_native_speaker
ethio-297,Tourism & Ethiopia,entrance fee,የመግቢያ ክፍያ,yemegbiya kifiya,kaffaltii seensaa,kaffaltii seensaa,tourism cards and Ethiopia-specific learning content,Use 'entrance fee' in tourism and ethiopia situations.,beginner,tourism-ethiopia;beginner;ethio-lang-mvp,starter_ai_generated_review_with_native_speaker
ethio-298,Tourism & Ethiopia,local food,የአካባቢ ምግብ,ye'akababi migib,nyaata naannoo,nyaata naannoo,tourism cards and Ethiopia-specific learning content,Use 'local food' in tourism and ethiopia situations.,beginner,tourism-ethiopia;beginner;ethio-lang-mvp,starter_ai_generated_review_with_native_speaker
ethio-299,Tourism & Ethiopia,souvenir,ስጦታ,sitota,yaadannoo,yaadannoo,tourism cards and Ethiopia-specific learning content,Use 'souvenir' in tourism and ethiopia situations.,beginner,tourism-ethiopia;beginner;ethio-lang-mvp,starter_ai_generated_review_with_native_speaker
ethio-300,Tourism & Ethiopia,photo,ፎቶ,foto,suuraa,suuraa,tourism cards and Ethiopia-specific learning content,Use 'photo' in tourism and ethiopia situations.,beginner,tourism-ethiopia;beginner;ethio-lang-mvp,starter_ai_generated_review_with_native_speaker
